{
    "name": "Cube.001Geometry.3",
    "normals": [-0.199103,0.898953,-0.390149,-0.022034,0.035798,-0.999084,-0.50969,-0.273293,-0.81576,-0.875027,0.072787,-0.4785,0.461226,-0.174261,-0.869961,0.523576,-0.850917,-0.042055,-0.06418,-0.997345,-0.034333,-0.351451,-0.7781,-0.520585,0.712699,-0.582934,0.390149,0.022034,-0.035798,0.999084,-0.473708,-0.331797,0.81576,-0.329386,-0.813929,0.4785,-0.919218,0.392193,0.034333,-0.852992,0.036958,0.520585,0.052309,0.49028,0.869961,-0.523576,0.850917,0.042055,-0.993622,-0.111179,0.017914,0.70864,0.436018,0.554674,0.852992,-0.036958,-0.520585,0.473708,0.331797,-0.81576,0.329386,0.813929,-0.4785,0.351451,0.7781,0.520585,0.06418,0.997345,0.034333,0.50969,0.273293,0.81576,0.875027,-0.072787,0.4785,-0.052828,0.085849,0.994903,0.308451,-0.501297,0.808374,0.919218,-0.392193,-0.034333,-0.779748,-0.458724,-0.426008,-0.547105,-0.836848,-0.017914,-0.760949,-0.489303,0.426008,-0.180303,0.868404,0.461898,-0.693899,0.552385,0.461898,-0.461226,0.174261,0.869961,0.498825,-0.235359,0.834101,-0.01471,-0.551378,0.834101,0.199103,-0.898953,0.390149,0.693899,-0.552385,-0.461898,0.180303,-0.868404,-0.461898,-0.052309,-0.49028,-0.869961,0.01471,0.551378,-0.834101,-0.498825,0.235359,-0.834101,-0.712699,0.582934,-0.390149,0.009125,-0.014832,0.999847,-0.296457,0.481796,0.82458],
    "metadata": {
        "generator": "io_three",
        "normals": 45,
        "type": "Geometry",
        "vertices": 84,
        "faces": 76,
        "uvs": 1,
        "version": 3
    },
    "vertices": [-1.09945,2.23315,-0.098506,0.236691,3.05531,-0.098506,-0.543065,1.32894,-1.25352,0.793074,2.1511,-1.25352,-0.494153,1.24945,0.963172,0.841986,2.07161,0.963172,0.06223,0.34524,-0.191839,1.39837,1.1674,-0.191839,-0.654068,2.5072,-0.098506,-0.208689,2.78126,-0.098506,0.422152,2.75391,-0.48351,0.607613,2.4525,-0.868513,0.347694,1.87705,-1.25352,-0.097685,1.60299,-1.25352,-0.728526,1.63034,-0.868513,-0.913987,1.93175,-0.48351,0.994839,1.8232,-0.899624,1.1966,1.4953,-0.545732,0.952989,0.893345,-0.191839,0.507609,0.619292,-0.191839,-0.139535,0.67314,-0.545732,-0.3413,1.00104,-0.899624,1.21291,1.4688,0.193165,1.02745,1.77021,0.578168,0.396606,1.79756,0.963172,-0.048774,1.5235,0.963172,-0.308692,0.948047,0.578168,-0.123231,0.646644,0.193165,0.640221,2.39951,0.609279,0.438456,2.72741,0.255386,-0.897683,1.90525,0.255386,-0.695918,1.57735,0.609279,0.825682,2.09811,0.224275,0.623917,2.42601,-0.129617,1.01114,1.7967,-0.160728,0.809378,2.1246,-0.514621,-0.712222,1.60385,-0.129617,-0.510457,1.27595,0.224275,-0.526761,1.30244,-0.514621,-0.324996,0.974544,-0.160728,0.194841,2.12546,0.609279,-0.250538,1.8514,0.609279,-0.006924,2.45336,0.255386,-0.452303,2.1793,0.255386,0.767528,1.19475,0.193165,0.322148,0.920696,0.193165,0.582067,1.49615,0.578168,0.136687,1.2221,0.578168,0.549459,1.54915,-0.899624,0.10408,1.27509,-0.899624,0.751224,1.22124,-0.545732,0.305844,0.947193,-0.545732,-0.023228,2.47985,-0.48351,-0.468607,2.2058,-0.48351,0.162233,2.17845,-0.868513,-0.283146,1.9044,-0.868513,0.825682,2.09811,0.224275,0.623917,2.42601,-0.129617,1.01114,1.7967,-0.160728,0.809378,2.1246,-0.514621,0.637476,1.9823,0.224275,0.435711,2.3102,-0.129617,0.822937,1.68089,-0.160728,0.621172,2.0088,-0.514621,0.677541,1.34099,0.035329,0.232162,1.06694,0.035329,0.49208,1.6424,0.420333,0.046701,1.36834,0.420333,0.470045,1.67821,-0.734766,0.024665,1.40415,-0.734766,0.67181,1.35031,-0.380873,0.22643,1.07625,-0.380873,0.053313,2.35546,-0.349259,-0.392067,2.08141,-0.349259,0.238774,2.05406,-0.734263,-0.206606,1.78001,-0.734263,0.271634,2.00066,0.449863,-0.173746,1.7266,0.449863,0.069869,2.32856,0.09597,-0.375511,2.0545,0.09597,-0.444902,1.76834,-0.129617,-0.243137,1.44044,0.224275,-0.259441,1.46693,-0.514621,-0.057676,1.13903,-0.160728],
    "faces": [41,55,13,2,14,0,1,2,3,0,1,2,3,41,51,19,6,20,4,5,6,7,4,5,6,7,41,47,25,4,26,8,9,10,11,8,9,10,11,41,0,30,43,8,14,15,12,13,12,13,14,15,41,39,20,6,27,16,17,18,19,16,7,6,11,41,35,16,3,11,20,21,22,23,17,18,19,20,41,29,33,10,1,24,25,26,27,21,17,20,22,41,33,35,11,10,25,20,23,26,17,17,20,20,41,5,23,32,28,28,29,30,31,23,24,17,21,41,28,32,33,29,31,30,25,24,21,17,17,21,41,23,22,34,32,29,32,33,30,24,24,17,17,41,33,32,56,57,34,34,34,34,17,17,25,26,41,22,7,17,34,32,35,36,33,24,27,18,17,41,34,17,16,35,33,36,21,20,17,18,18,17,41,31,37,26,4,37,38,39,40,13,28,11,10,41,37,39,27,26,38,16,19,39,28,16,11,11,41,0,15,36,30,41,42,43,44,12,3,29,13,41,30,36,37,31,44,43,38,37,13,29,28,13,41,15,14,38,36,42,45,46,43,3,3,30,29,41,38,39,83,82,47,48,49,50,30,16,15,9,41,14,2,21,38,45,51,52,46,3,2,7,30,41,38,21,20,39,46,52,17,16,30,7,7,16,41,25,41,31,4,53,54,55,6,9,31,13,10,41,41,43,30,31,54,12,15,55,31,14,13,13,41,5,28,40,24,56,57,58,59,23,21,32,9,41,24,40,41,25,59,58,54,53,9,32,31,9,41,28,29,42,40,57,60,61,58,21,21,33,32,41,41,40,76,77,62,63,64,65,31,32,3,20,41,29,1,9,42,60,66,67,61,21,22,15,33,41,42,9,8,43,61,67,13,12,33,15,15,14,41,19,45,27,6,68,69,70,71,5,34,11,6,41,45,47,26,27,69,8,11,70,34,8,11,11,41,7,22,44,18,72,73,74,75,27,24,35,5,41,18,44,45,19,75,74,69,68,5,35,34,5,41,22,23,46,44,73,76,77,74,24,24,36,35,41,44,46,66,64,78,79,80,81,35,36,7,13,41,23,5,24,46,76,82,83,77,24,23,9,36,41,46,24,25,47,77,83,9,8,36,9,9,8,41,13,49,21,2,84,85,86,87,1,37,7,2,41,49,51,20,21,85,4,7,86,37,4,7,7,41,3,16,48,12,88,89,90,91,19,18,38,1,41,12,48,49,13,91,90,85,84,1,38,37,1,41,16,17,50,48,89,92,93,90,18,18,39,38,41,49,48,68,69,94,95,96,97,37,38,11,24,41,17,7,18,50,92,98,99,93,18,27,5,39,41,50,18,19,51,93,99,5,4,39,5,5,4,41,15,0,8,53,102,103,100,101,3,12,15,40,41,53,55,14,15,101,0,3,102,40,0,3,3,41,1,10,52,9,104,105,106,107,22,20,41,15,41,9,52,53,8,107,106,101,100,15,41,40,15,41,10,11,54,52,105,108,109,106,20,20,42,41,41,52,54,74,72,110,111,112,113,41,42,13,7,41,11,3,12,54,108,114,115,109,20,19,1,42,41,54,12,13,55,109,115,1,0,42,1,1,0,41,57,56,60,61,116,117,118,65,26,25,1,5,41,35,33,57,59,34,34,34,34,17,17,26,43,41,34,35,59,58,34,34,34,34,17,17,43,44,41,32,34,58,56,34,34,34,34,17,17,44,25,41,59,57,61,63,119,120,65,121,43,26,5,9,41,58,59,63,62,122,123,124,125,44,43,9,15,41,56,58,62,60,126,116,65,64,25,44,15,1,41,45,44,64,65,127,128,129,130,34,35,13,21,41,47,45,65,67,131,132,79,78,8,34,21,18,41,46,47,67,66,132,131,133,134,36,8,18,7,41,51,49,69,71,135,136,137,80,4,37,24,20,41,50,51,71,70,123,138,139,140,39,4,20,3,41,48,50,70,68,117,141,142,143,38,39,3,11,41,53,52,72,73,144,145,146,147,40,41,7,18,41,55,53,73,75,148,149,150,151,0,40,18,21,41,54,55,75,74,120,152,153,154,42,0,21,13,41,43,41,77,79,155,156,157,158,14,31,20,24,41,42,43,79,78,143,142,159,160,33,14,24,11,41,40,42,78,76,113,112,161,162,32,33,11,3,41,36,38,82,80,163,47,117,164,29,30,9,5,41,37,36,80,81,116,126,165,163,28,29,5,1,41,39,37,81,83,128,166,149,167,16,28,1,15],