{
    "name": "Plane.002Geometry.1",
    "normals": [0,1,0],
    "metadata": {
        "generator": "io_three",
        "normals": 1,
        "type": "Geometry",
        "vertices": 4,
        "faces": 1,
        "uvs": 1,
        "version": 3
    },
    "vertices": [-7.92895,0,7.92895,7.92895,0,7.92895,-7.92895,-0,-7.92895,7.92895,-0,-7.92895],
    "faces": [41,0,1,3,2,0,1,2,3,0,0,0,0],
    "uvs": [[0,1,0,0,1,0,1,1]]
}