{
    "name": "lightsGeometry.1",
    "normals": [0.85168,0.524033,0,0.385815,-0.627003,0.676717,0.354625,-0.576342,-0.736198,-0.385815,0.627003,-0.676717,-0.354625,0.576342,0.736198,-0.85168,-0.524033,0,0.707083,0,-0.707083,0.707083,0,0.707083,-0.707083,0,0.707083,-0.707083,0,-0.707083],
    "metadata": {
        "generator": "io_three",
        "normals": 10,
        "type": "Geometry",
        "vertices": 32,
        "faces": 10,
        "uvs": 1,
        "version": 3
    },
    "vertices": [0.637476,1.9823,0.224275,0.435711,2.3102,-0.129617,0.822937,1.68089,-0.160728,0.621172,2.0088,-0.514621,0.677541,1.34099,0.035329,0.232162,1.06694,0.035329,0.49208,1.6424,0.420333,0.046701,1.36834,0.420333,0.470045,1.67821,-0.734766,0.024665,1.40415,-0.734766,0.67181,1.35031,-0.380873,0.22643,1.07625,-0.380873,0.053313,2.35546,-0.349259,-0.392067,2.08141,-0.349259,0.238774,2.05406,-0.734263,-0.206606,1.78001,-0.734263,0.271634,2.00066,0.449863,-0.173746,1.7266,0.449863,0.069869,2.32856,0.09597,-0.375511,2.0545,0.09597,-0.444902,1.76834,-0.129617,-0.243137,1.44044,0.224275,-0.259441,1.46693,-0.514621,-0.057676,1.13903,-0.160728,-7.92895,0.677314,-7.92895,-7.92895,0.305491,-7.92895,7.92895,0.305491,-7.92895,7.92895,0.677314,-7.92895,7.92895,0.677314,7.92895,7.92895,0.305492,7.92895,-7.92895,0.305492,7.92895,-7.92895,0.677314,7.92895],
    "faces": [41,0,2,3,1,0,1,2,3,0,0,0,0,41,4,6,7,5,4,5,6,7,1,1,1,1,41,8,10,11,9,8,9,10,11,2,2,2,2,41,12,14,15,13,12,13,14,15,3,3,3,3,41,16,18,19,17,16,17,18,19,4,4,4,4,41,20,22,23,21,20,21,22,23,5,5,5,5,41,30,25,24,31,24,24,24,24,6,7,7,6,41,26,29,28,27,24,24,24,24,8,9,9,8,41,29,30,31,28,24,24,24,24,9,6,6,9,41,25,26,27,24,24,24,24,24,7,8,8,7],
    "uvs": [[0.111111,0.777778,0.222222,0.777778,0.222222,0.888889,0.111111,0.888889,0.111111,0.222222,0.111111,0.111111,0.222222,0.111111,0.222222,0.222222,0.111111,0.555556,0.111111,0.444444,0.222222,0.444444,0.222222,0.555556,0.444445,0.222222,0.444445,0.111111,0.555556,0.111111,0.555556,0.222222,0.444444,0.444444,0.555556,0.444444,0.555556,0.555556,0.444445,0.555556,0.888889,0.111111,0.888889,0.222222,0.777778,0.222222,0.777778,0.111111,0,0]]
}