{
    "name": "PlaneGeometry.1",
    "normals": [0.707083,0,0.707083,-0.707083,0,0.707083,-0.707083,0,-0.707083,0.707083,0,-0.707083],
    "metadata": {
        "generator": "io_three",
        "normals": 4,
        "type": "Geometry",
        "vertices": 17,
        "faces": 8,
        "uvs": 1,
        "version": 3
    },
    "vertices": [-7.92895,0,7.92895,7.92895,0,7.92895,-7.92895,-0,-7.92895,7.92895,-0,-7.92895,-7.92895,4.16139,7.92895,7.92895,4.16139,7.92895,-7.92895,4.16139,-7.92895,7.92895,4.16139,-7.92895,-1.11943,0.151619,0.090424,-7.92895,0.677314,-7.92895,-7.92895,0.305491,-7.92895,7.92895,0.305491,-7.92895,7.92895,0.677314,-7.92895,7.92895,0.677314,7.92895,7.92895,0.305492,7.92895,-7.92895,0.305492,7.92895,-7.92895,0.677314,7.92895],
    "faces": [41,2,3,11,10,0,1,2,3,0,1,1,0,41,1,0,15,14,4,5,6,7,2,3,3,2,41,3,1,14,11,8,9,10,11,1,2,2,1,41,0,2,10,15,12,13,14,15,3,0,0,3,41,16,9,6,4,16,17,18,19,3,0,0,3,41,12,13,5,7,20,21,22,23,1,2,2,1,41,13,16,4,5,24,25,26,27,2,3,3,2,41,9,12,7,6,28,29,30,31,0,1,1,0],
    "uvs": [[0.959693,1,0.959693,0,0.979846,0,0.979847,1,0.959693,0,0.959693,1,0.93954,1,0.939539,0,1,0,1,1,0.979847,1,0.979847,0,0.939539,0,0.939539,1,0.919386,1,0.919386,0,0.229846,0,0.229846,1,0,1,0,0,0.919386,0,0.919386,1,0.689539,1,0.689539,0,0.459693,0,0.459693,1,0.229847,1,0.229846,0,0.459693,1,0.459693,0,0.689539,0,0.689539,1]]
}