{
    "geometries": [{
        "type": "Geometry",
        "data": {
            "vertices": [-10.9436,9.37192,-13.0245,-10.6438,18.6884,0.071317,-18.1417,-2.26118,-4.58378,-17.8419,7.05533,8.51202],
            "normals": [0.893918,-0.374584,0.24601],
            "metadata": {
                "vertices": 4,
                "normals": 1,
                "version": 3,
                "uvs": 1,
                "faces": 1,
                "generator": "io_three"
            },
            "faces": [41,0,1,3,2,0,1,2,3,0,0,0,0],
            "uvs": [[0,0,1,0,1,1,0,1]],
            "name": "Cube.002Geometry.3"
        },
        "uuid": "50DE4C9D-38EC-3AB4-91B0-839F4C38C69E"
    },{
        "type": "Geometry",
        "data": {
            "vertices": [1.82678,-1,0,1.82678,1,0,-0.5,1,0,-0.5,-1,0],
            "normals": [0,0,1],
            "metadata": {
                "vertices": 4,
                "normals": 1,
                "version": 3,
                "uvs": 2,
                "faces": 2,
                "generator": "io_three"
            },
            "faces": [41,0,1,2,3,0,1,2,3,0,1,2,3,0,0,0,0],
            "uvs": [[0,0,1,0,1,1,0,1],[-0.112096,0.112272,0.887728,0.112272,0.887728,0.887728,-0.112096,0.887728]],
            "name": "Plane.001Geometry.3"
        },
        "uuid": "04FD17AD-EA86-3F58-AB8A-9F17F83D4831"
    },{
        "type": "Geometry",
        "data": {
            "vertices": [-1,-1,-1,-1,-1,1,-1,1,-1,-1,1,1,1,-1,-1,1,-1,1,1,1,-1,1,1,1],
            "normals": [-0.577349,0.577349,-0.577349,-0.577349,-0.577349,-0.577349,-0.577349,-0.577349,0.577349,-0.577349,0.577349,0.577349,0.577349,0.577349,0.577349,0.577349,0.577349,-0.577349,0.577349,-0.577349,0.577349,0.577349,-0.577349,-0.577349],
            "metadata": {
                "vertices": 8,
                "normals": 8,
                "version": 3,
                "uvs": 1,
                "faces": 6,
                "generator": "io_three"
            },
            "faces": [41,2,0,1,3,2,3,0,1,0,1,2,3,41,3,7,6,2,4,5,6,7,3,4,5,0,41,7,5,4,6,8,9,10,11,4,6,7,5,41,0,4,5,1,14,15,12,13,1,7,6,2,41,0,2,6,4,16,17,18,19,1,0,5,7,41,5,7,3,1,20,21,22,23,6,4,3,2],
            "uvs": [[0.333333,0.333333,0.333333,0,0.666667,0,0.666667,0.333333,0,0.666667,0,0.333333,0.333333,0.333333,0.333333,0.666667,0,0.333333,0,0,0.333333,0,0.333333,0.333333,0.333333,0.333333,0.666667,0.333333,0.666667,0.666667,0.333333,0.666667,1,0,1,0.333333,0.666667,0.333333,0.666667,0,0,0.666667,0.333333,0.666667,0.333333,1,0,1]],
            "name": "Cube.001Geometry.3"
        },
        "uuid": "461433E7-2EB2-3CA2-8FBB-A880CE53D3F0"
    },{
        "type": "Geometry",
        "data": {
            "vertices": [-0.499999,0.550719,0.953619,-0.499999,-0.630797,0.263725,-0.5,1,0,-0.5,-1,0,-0.499999,0.553429,0.263725,-0.499999,-0.636217,0.953619,-0.5,1,1.638,-0.5,-1,1.638,1.80405,1,0,1.80405,-1,0,1.80405,1,1.638,1.80405,-1,1.638],
            "normals": [0.707083,0.707083,0,0.707083,-0.707083,0,1,0,0,0.999969,0,0,0,1,0,0,-1,0],
            "metadata": {
                "vertices": 12,
                "normals": 6,
                "version": 3,
                "uvs": 2,
                "faces": 23,
                "generator": "io_three"
            },
            "faces": [40,3,2,4,0,1,2,0,1,2,0,1,2,40,5,7,3,4,5,0,4,5,0,3,0,0,40,3,4,1,0,2,3,0,2,3,0,2,3,40,3,1,5,0,3,4,0,3,4,0,3,3,40,4,2,6,2,1,6,2,1,6,2,1,1,40,6,7,5,6,5,4,6,5,4,1,0,3,40,0,4,6,7,2,6,7,2,6,2,2,1,40,6,5,0,6,4,7,6,4,7,1,3,2,41,3,7,11,9,8,9,10,11,8,9,10,11,0,0,4,4,41,6,2,8,10,12,13,14,15,12,13,14,11,1,1,5,5],
            "uvs": [[0.5,0.535321,0.5,1,0.419498,0.896244,0.419498,0.621102,0.208908,0.619843,0,0.535322,0,1,0.208908,0.895614,0.5,0.535321,0,0.535321,0,0,0.5,0,1,0.535321,0.5,0.535321,0.5,0,1,0],[9e-05,9e-05,0.99991,9e-05,0.776664,0.131929,0.184658,0.131929,0.181949,0.476813,9.1e-05,0.818942,0.99991,0.818942,0.77531,0.476813,8.4e-05,0.710887,8.4e-05,8.4e-05,0.999916,8.4e-05,0.999916,0.710887,8.4e-05,0.710887,8.4e-05,8.4e-05,0.999916,8.4e-05]],
            "name": "PlaneGeometry.3"
        },
        "uuid": "31F9DD3C-2200-3149-8360-C87C703AA631"
    },{
        "type": "Geometry",
        "data": {
            "vertices": [-0.5,1,1.638,-0.5,-1,1.638,1.76862,1,1.638,1.76862,-1,1.638],
            "normals": [0,0,-1],
            "metadata": {
                "vertices": 4,
                "normals": 1,
                "version": 3,
                "uvs": 2,
                "faces": 2,
                "generator": "io_three"
            },
            "faces": [41,1,0,2,3,0,1,2,3,0,1,2,3,0,0,0,0],
            "uvs": [[0,0,1,0,1,1,0,1],[0,0,0.669251,0,0.669251,1,0,1]],
            "name": "Plane.002Geometry.3"
        },
        "uuid": "B33B29AF-6A3C-3E5E-9E9F-76E3C4CADFE3"
    }],
    "images": [],
    "metadata": {
        "sourceFile": "lightmap.blend",
        "type": "Object",
        "version": 4.4,
        "generator": "io_three"
    },
    "textures": [],
    "object": {
        "children": [{
            "name": "ceiling",
            "uuid": "C8FFEFA2-5036-399C-8714-AE0B610B074A",
            "matrix": [-7.97388,0,0,0,0,0,7.97388,0,0,7.97388,0,0,0,0,0,1],
            "visible": true,
            "type": "Mesh",
            "castShadow": true,
            "receiveShadow": true,
            "geometry": "B33B29AF-6A3C-3E5E-9E9F-76E3C4CADFE3"
        },{
            "name": "cube",
            "uuid": "16A82A3B-FB8B-398B-B29E-0B2668078523",
            "matrix": [-1.72116,0.03591,0.862175,0,0.721269,1.11591,1.39339,0,-0.473716,1.56859,-1.01101,0,-6.64122,4.7077,-0.38055,1],
            "visible": true,
            "type": "Mesh",
            "castShadow": true,
            "receiveShadow": true,
            "geometry": "461433E7-2EB2-3CA2-8FBB-A880CE53D3F0"
        },{
            "name": "light",
            "uuid": "DD8C1F02-0A20-3C13-B90A-93A17FAB278E",
            "matrix": [-3.84373,-1.03078,2.79068,0,1.21016,3.6234,3.00518,0,-2.7177,3.07133,-2.60877,0,-13.9059,-33.0591,15.8356,1],
            "visible": true,
            "type": "Mesh",
            "castShadow": true,
            "receiveShadow": true,
            "geometry": "50DE4C9D-38EC-3AB4-91B0-839F4C38C69E"
        },{
            "name": "wall",
            "uuid": "51FB6795-5510-3A06-A058-454BA7F3E97B",
            "matrix": [-7.97388,0,0,0,0,0,7.97388,0,0,7.97388,0,0,0,0,0,1],
            "visible": true,
            "type": "Mesh",
            "castShadow": true,
            "receiveShadow": true,
            "geometry": "31F9DD3C-2200-3149-8360-C87C703AA631"
        },{
            "name": "wood",
            "uuid": "36DAB2E5-007B-3D85-92D9-A0E022A4F020",
            "matrix": [-7.97388,0,0,0,0,0,7.97388,0,0,7.97388,0,0,0,0,0,1],
            "visible": true,
            "type": "Mesh",
            "castShadow": true,
            "receiveShadow": true,
            "geometry": "04FD17AD-EA86-3F58-AB8A-9F17F83D4831"
        }],
        "type": "Scene",
        "uuid": "4687AEEE-5071-4887-9713-6C5E06B38D1B",
        "matrix": [1,0,0,0,0,1,0,0,0,0,1,0,0,0,0,1]
    },
    "materials": [],
    "animations": [{
        "fps": 24,
        "tracks": [],
        "name": "default"
    }]
}